sim_seed,sim_pop_mu,sim_pop_mu_sd,sim_pop_beta,sim_pop_beta_sd,sim_sigma,mod_pop_mu,mod_pop_mu_sd,mod_pop_beta,mod_pop_beta_sd,mod_sigma
1,0,50,7,0.1,100,7.939149187490023,50.20821977412152,7.045670307496823,0.05405644599198209,4.49938225841399
2,0,50,7,0.1,100,18.841334652504298,44.89137891601989,6.985555392288052,0.13392229010297035,4.501688372134923
3,0,50,7,0.1,100,9.491085112808594,35.893721514350375,6.993055161422082,0.077502291222645,4.501276492102434
4,0,50,7,0.1,100,49.449748275799344,29.609350361695874,7.002583069226167,0.07505574947922941,4.5011748815627675
5,0,50,7,0.1,100,4.044118373816722,26.160469042150723,6.970804637265474,0.10452209993188531,4.497756749644317
1,0,50,7,0.2,100,9.7585888253399,49.882896065970115,7.065347121748705,0.177204409939031,4.49949813124404
2,0,50,7,0.2,100,16.695800998263536,44.158211938591165,6.969454616892673,0.2579211119105116,4.49759173523765
3,0,50,7,0.2,100,9.879124199480618,37.45075111954642,6.994604082396429,0.1728381050011542,4.496661241807541
4,0,50,7,0.2,100,53.44815943965715,29.379205847112452,7.000587752860018,0.17877727492687032,4.498304375895118
5,0,50,7,0.2,100,7.877112706811639,23.800797275315777,6.953409119563449,0.20833350365030867,4.499648786787692
1,0,50,7.2,0.1,100,11.340174160704633,49.23085547537228,7.244176529049589,0.04950698198754529,4.499970684969319
2,0,50,7.2,0.1,100,21.1629992948799,50.392467439772076,7.186061709640395,0.13424620334759288,4.5001351328610895
3,0,50,7.2,0.1,100,14.226676911786964,43.1735475939681,7.191469278036722,0.07876201376662886,4.501058356037227
4,0,50,7.2,0.1,100,59.11821176005967,36.01535171677847,7.199893748394566,0.0760311568471577,4.499313508012364
5,0,50,7.2,0.1,100,4.947358125718354,28.909489570328354,7.168544412218273,0.1070484036891694,4.500658293287379
1,0,50,7.2,0.2,100,14.39694622070901,51.370865750765915,7.2625073865618335,0.17352275306309603,4.500218176552749
2,0,50,7.2,0.2,100,15.452735795478054,49.47216768333397,7.1730818512064225,0.2554956764446699,4.499886711085666
3,0,50,7.2,0.2,100,13.425741203119866,40.56846642260814,7.195798802852362,0.1768675950461114,4.499381124330463
4,0,50,7.2,0.2,100,60.196900123466,32.9331023457286,7.1994271322794985,0.1766704672101873,4.497577357361914
5,0,50,7.2,0.2,100,8.175728578175404,26.91395128938959,7.1538270584523795,0.20883045058242952,4.4997962452748075
1,0,50,7.4,0.1,100,17.917466633983448,53.33699801807135,7.440380179164936,0.05185709086242941,4.500631864337875
2,0,50,7.4,0.1,100,22.71848578479165,49.715704755709034,7.38649109992737,0.13845976777815616,4.500115346428245
3,0,50,7.4,0.1,100,14.960032671287237,46.785550205565904,7.393204671375719,0.07824850750761743,4.50117690285
4,0,50,7.4,0.1,100,69.91087082001731,45.12319353336701,7.398386582350382,0.07685063585254703,4.499543242134267
5,0,50,7.4,0.1,100,7.116916346347512,34.87201211399889,7.36752908719649,0.10316240550550845,4.49872445069311
1,0,50,7.4,0.2,100,22.645516310672576,54.79575532798914,7.457950687887503,0.17488336949927924,4.496550408829013
2,0,50,7.4,0.2,100,15.891941615011508,53.78807640676436,7.3729617430208085,0.25461932304149143,4.496333946993193
3,0,50,7.4,0.2,100,17.815812167547865,53.05855554070018,7.39389007684441,0.17801211692156932,4.501255566701416
4,0,50,7.4,0.2,100,67.8322968769245,43.1678942748177,7.39967096518436,0.17968176026996457,4.500917155745523
5,0,50,7.4,0.2,100,9.79975706153982,34.258805528537394,7.35399938964494,0.2092849635083361,4.500429380414192
1,0,50,7.6,0.1,100,22.2858910907288,54.060579702199426,7.639573746881954,0.05016967726228921,4.49999708384371
2,0,50,7.6,0.1,100,30.958646828542875,52.29332500501306,7.582940632836645,0.1403013628098372,4.5000280149224245
3,0,50,7.6,0.1,100,22.198784982402987,57.86128709757182,7.591660274604556,0.07986564304954225,4.4982245039718105
4,0,50,7.6,0.1,100,82.54617470204866,52.53646054468695,7.596676051755666,0.07923257517525523,4.4993461533612304
5,0,50,7.6,0.1,100,6.990591792562931,41.26589129149931,7.567120690677122,0.10543605558257625,4.499701322018542
1,0,50,7.6,0.2,100,27.199538383093675,55.65397609834874,7.658237429734682,0.17273724748955452,4.5015250232460176
2,0,50,7.6,0.2,100,22.184363520955653,55.223988020927074,7.56911793135324,0.2542875280022478,4.499757426948
3,0,50,7.6,0.2,100,25.993129409286762,58.64978681233495,7.594323054686343,0.17539197180971822,4.50075093158645
4,0,50,7.6,0.2,100,80.2412682568018,50.036758388185106,7.598145641001214,0.18066513401191706,4.499866285311467
5,0,50,7.6,0.2,100,10.210741997542247,39.15545813512794,7.553103580236902,0.20578041059077953,4.499304089032936
1,0,100,7,0.1,100,10.935097251037421,96.76867952864811,7.045641921972529,0.04897424003520034,4.501678805676969
2,0,100,7,0.1,100,32.74120653410951,102.93010971322018,6.984151164937539,0.13203312092484906,4.499514532151361
3,0,100,7,0.1,100,9.432921643035002,68.7718914578241,6.987188572238582,0.08397334277420426,4.500968369783206
4,0,100,7,0.1,100,76.16915530792447,66.6613328495015,6.997524268068104,0.08824197634730459,4.500375514991744
5,0,100,7,0.1,100,15.043820420583646,82.22624885739941,6.97061873282427,0.0954512072446572,4.500612541126863
1,0,100,7,0.2,100,12.822983205499275,97.37064382672729,7.064980380413247,0.17573288873848406,4.499156047844922
2,0,100,7,0.2,100,29.62525438054646,118.093692448664,6.970055914100584,0.24626987696760905,4.497175559316752
3,0,100,7,0.2,100,8.986978933275491,75.27962570729859,6.990912211963217,0.17677217380614976,4.501389430515939
4,0,100,7,0.2,100,83.92548031887425,52.36538414072389,6.994945072411092,0.18542430644275903,4.500091037402379
5,0,100,7,0.2,100,15.415356922869266,80.87380865813752,6.9574714454602,0.20289735996041272,4.500523498594618
1,0,100,7.2,0.1,100,13.176405283986174,95.92452575238723,7.245488421779828,0.05326901341050532,4.5006512882414516
2,0,100,7.2,0.1,100,38.23673926492064,94.23105027511612,7.182915068980823,0.1279095241539128,4.499450744388097
3,0,100,7.2,0.1,100,10.536092792919867,66.07806372861363,7.190131824436655,0.0778518478271119,4.501815330245162
4,0,100,7.2,0.1,100,85.08958949797086,54.737429185331806,7.1963594844215315,0.0823489066892923,4.497704206788149
5,0,100,7.2,0.1,100,13.400185775810836,65.75332612202033,7.172060595970027,0.10089750182942513,4.499475234543208
1,0,100,7.2,0.2,100,16.17280635071438,90.08400870699816,7.261676977457446,0.17577128792966173,4.501150316713186
2,0,100,7.2,0.2,100,32.68221893603573,98.44432266421914,7.166739446342487,0.24845860001227907,4.4981186895809
3,0,100,7.2,0.2,100,11.287604929897473,75.41743349379071,7.192564523517572,0.1783812199375875,4.49905650977989
4,0,100,7.2,0.2,100,89.78539399266035,48.024422969321904,7.197245547352444,0.18521414179859721,4.498224216093682
5,0,100,7.2,0.2,100,14.841640387312399,70.12060308827037,7.156375885393599,0.20581641269122652,4.501074819244003
1,0,100,7.4,0.1,100,20.472358917956182,73.04168463398508,7.441485401683165,0.05004193328096027,4.4999644913354535
2,0,100,7.4,0.1,100,37.34699482074006,78.30344727414631,7.382886175951795,0.12985575863009607,4.50046280888444
3,0,100,7.4,0.1,100,17.761092593940333,67.58873836200814,7.3882534650669784,0.07892454816116527,4.499826037009843
4,0,100,7.4,0.1,100,92.55899514432711,51.191820019875834,7.3979538470235084,0.08201568939095967,4.502808593338654
5,0,100,7.4,0.1,100,14.234728831298609,54.21469521645245,7.36995056355141,0.10132633374967998,4.500473416345982
1,0,100,7.4,0.2,100,22.33649760852756,81.50178586157978,7.461048853893918,0.1695301856777765,4.498738090102004
2,0,100,7.4,0.2,100,29.40945882720218,88.96490701404902,7.371949100603778,0.25005907231203267,4.4984954845408245
3,0,100,7.4,0.2,100,19.919511421948734,72.02914074126933,7.389649548592661,0.17830132880378066,4.499978878869102
4,0,100,7.4,0.2,100,98.84212842409569,48.14944343801577,7.395032633964724,0.18301676913916248,4.498864653062664
5,0,100,7.4,0.2,100,18.47067947646568,50.021393407459534,7.356151274686116,0.2082394597208441,4.499707906704359
1,0,100,7.6,0.1,100,28.344062680973806,75.75449888274208,7.639471093837854,0.046086032162554684,4.498802907114097
2,0,100,7.6,0.1,100,38.89941540058669,64.40903720098004,7.584120938207319,0.13617959963633597,4.4988824913636805
3,0,100,7.6,0.1,100,20.038080560255505,71.45391942841191,7.590632981919722,0.07716718415504303,4.501026635853907
4,0,100,7.6,0.1,100,112.35910072616119,52.87212205672193,7.593146552076625,0.08258903351720798,4.499597784001675
5,0,100,7.6,0.1,100,10.524920020965881,48.525357001042345,7.572015915000214,0.09620153183034588,4.501477990099416
1,0,100,7.6,0.2,100,28.506932774417344,76.50172464674498,7.659291460515006,0.17256851076879687,4.50010979569183
2,0,100,7.6,0.2,100,25.419069500011275,73.5552848237134,7.5722043779533905,0.25511307509270664,4.5000461271142695
3,0,100,7.6,0.2,100,22.80584879971691,79.51375802246724,7.590003834798402,0.17687441053655742,4.503415354224683
4,0,100,7.6,0.2,100,111.31599248886293,50.48368181901196,7.59577889581884,0.18118494273884653,4.500083698380426
5,0,100,7.6,0.2,100,19.39394097699814,46.855514509575805,7.553528340696101,0.2058852069340891,4.500319106746283
1,0,200,7,0.1,100,16.087583900901684,179.60642308233,7.049094175431564,0.04903852554676848,4.500790939499511
2,0,200,7,0.1,100,58.79847410326719,209.31137678347554,6.981976032844222,0.13299530576500276,4.499055649572651
3,0,200,7,0.1,100,-6.534796202111288,151.12321746883262,6.991893304523774,0.0707229196891021,4.499334321540666
4,0,200,7,0.1,100,123.52855470148205,168.06751246890104,6.991438768988188,0.08515617423244665,4.499554172329646
5,0,200,7,0.1,100,37.334428163569164,183.93459071068128,6.968925158910593,0.08551400455265629,4.500027957340447
1,0,200,7,0.2,100,16.501178864412733,179.4854233335927,7.067329624688998,0.17222020187505158,4.499139990295133
2,0,200,7,0.2,100,60.532045641239414,211.7620088821821,6.965669709738288,0.25593098346943066,4.499688105471195
3,0,200,7,0.2,100,-6.713841578606254,153.1940660066827,6.990530675624671,0.17114836829811764,4.501380366527719
4,0,200,7,0.2,100,127.64647795507668,162.4306407020119,6.992801917077254,0.19245863816079672,4.499867725095789
5,0,200,7,0.2,100,35.25843809356177,189.4150844679568,6.9558169077084235,0.19846076817080685,4.501532996651216
1,0,200,7.2,0.1,100,17.48394237499771,178.48473316021938,7.247882295718641,0.04744655265038169,4.502161325047591
2,0,200,7.2,0.1,100,60.7501826198086,205.22014695124975,7.182560892277285,0.13367320127928647,4.497694003426273
3,0,200,7.2,0.1,100,-0.6844822187332971,148.8006906921545,7.190144049763521,0.07009268894424178,4.499233587372739
4,0,200,7.2,0.1,100,127.04591167119824,147.94946771989365,7.197059907747691,0.08720759417175451,4.499388235492735
5,0,200,7.2,0.1,100,34.30299129166723,183.33418455039393,7.1690723414616535,0.09409048184563122,4.499991631005996
1,0,200,7.2,0.2,100,14.365492958093503,177.37339957934512,7.269109787846715,0.17152710966734053,4.498736932781455
2,0,200,7.2,0.2,100,62.53582368947516,210.04013897825553,7.167696037570734,0.2500249184232047,4.500197936750887
3,0,200,7.2,0.2,100,2.9181580558420843,141.7799710845868,7.188879383302033,0.17011398879271802,4.4987379213081296
4,0,200,7.2,0.2,100,134.04867311414287,142.79131290680687,7.196411613643441,0.19058093235384188,4.499714267304175
5,0,200,7.2,0.2,100,33.49884859468845,186.43846933606636,7.154507746746913,0.20513504615058298,4.498857687317607
1,0,200,7.4,0.1,100,15.287353445856093,176.75398820946026,7.448074900407849,0.052424873643323246,4.498470336513128
2,0,200,7.4,0.1,100,62.19265501349771,197.27864081527653,7.38443409411191,0.12849374173981234,4.499857874991255
3,0,200,7.4,0.1,100,10.83821214047247,144.4813707321371,7.385618063482223,0.0735578953042493,4.50240070445334
4,0,200,7.4,0.1,100,132.1377847536746,136.68972504287757,7.3991989654419985,0.08433129409702066,4.498531084851076
5,0,200,7.4,0.1,100,33.544284815353734,184.6763172421805,7.367921003623207,0.09860280184328249,4.498431623198683
1,0,200,7.4,0.2,100,13.737082878657855,175.43777308627122,7.468266827799582,0.17711057883528358,4.500417234198954
2,0,200,7.4,0.2,100,63.543129843700044,208.63769931017399,7.368590419388487,0.24848805514457248,4.499912475909347
3,0,200,7.4,0.2,100,3.3541916958156963,145.07724119929335,7.391020993973977,0.16970128135453988,4.49767099001956
4,0,200,7.4,0.2,100,141.18927658217132,128.1157559164111,7.399567293802966,0.18531942793082018,4.50107477507022
5,0,200,7.4,0.2,100,30.012511739065665,188.3381904990039,7.358574476185415,0.20110147084128532,4.501484285888688
1,0,200,7.6,0.1,100,17.973083201633926,167.54094031006997,7.6474512824505885,0.05520513748778402,4.4985353851064005
2,0,200,7.6,0.1,100,68.79110747529067,178.33893883559819,7.582579299996597,0.1257034423458414,4.499657286704737
3,0,200,7.6,0.1,100,16.42459781663507,118.73455470924918,7.587048492796764,0.074743750267609,4.49769253495005
4,0,200,7.6,0.1,100,142.2054963353953,105.78174574170309,7.600026280311295,0.08590317138709659,4.499031038391125
5,0,200,7.6,0.1,100,36.08752095054226,170.87325971348085,7.568049193577319,0.09887107259427447,4.501315816398476
1,0,200,7.6,0.2,100,19.03449768881484,165.92788676399752,7.6670073909829775,0.17769059857665187,4.499926707370283
2,0,200,7.6,0.2,100,62.1951574344424,189.07086723708332,7.569065512295294,0.24525349644507,4.500711511075075
3,0,200,7.6,0.2,100,16.78845988682186,136.23006645684734,7.5887452301144895,0.17767316870288086,4.499713288426909
4,0,200,7.6,0.2,100,155.04536695295243,101.4139611130073,7.599509201554115,0.18173424544851804,4.499370265664424
5,0,200,7.6,0.2,100,31.005529402100404,163.88489081978534,7.557770849185386,0.20523403931218678,4.499812313141308
1,400,50,7,0.1,100,415.9018396685818,30.731499945807435,7.0368634664980725,0.0725968784495302,4.502365371081165
1,400,50,7,0.2,100,419.8649146626981,30.665358183010188,7.052849595949426,0.17904037656343486,4.499768745492241
1,400,50,7.2,0.1,100,418.4268272043455,35.46951564572967,7.237467919869664,0.043595335647630615,4.498589808932141
1,400,50,7.2,0.2,100,424.15659749220004,36.45084798440516,7.253701010826379,0.16800477591889534,4.500679346686788
1,400,50,7.4,0.1,100,420.7770637313602,51.98542132768972,7.438186109009781,0.0443270745235234,4.499594049224352
1,400,50,7.4,0.2,100,420.91891969353804,49.94676151565274,7.458694775061553,0.16003843083957672,4.5002056989051065
1,400,50,7.6,0.1,100,420.40570310042796,68.84142312813002,7.640597281997046,0.04810567856410649,4.5018885637876
1,400,50,7.6,0.2,100,423.80944880882106,67.10800386571167,7.660186313269959,0.1695742028500176,4.503601762061795
1,400,100,7,0.1,100,421.0006130754762,81.00955782299293,7.03645687035988,0.06292869019568607,4.500828467793489
1,400,100,7,0.2,100,422.8071197866672,69.2727309707183,7.054506940256752,0.17780157104126254,4.499653952260563
1,400,100,7.2,0.1,100,419.2017378750189,66.24904549060669,7.241182874350736,0.04551046173036139,4.500346558382464
1,400,100,7.2,0.2,100,422.58205795841496,64.79038845868561,7.256980361744343,0.17019164558983008,4.5006350757810365
1,400,100,7.4,0.1,100,420.08938708287576,85.4245910970065,7.442069743152247,0.04164583406800471,4.500316888553547
1,400,100,7.4,0.2,100,422.1328276892949,84.81672002400578,7.461910156615032,0.16444881847877993,4.496108359386266
1,400,100,7.6,0.1,100,421.2550268827743,98.85251286043517,7.641710784804871,0.05027990526672826,4.497771203132966
1,400,100,7.6,0.2,100,422.82524145159545,85.39352652962911,7.662266152229253,0.168614130766122,4.500823953254729
1,400,200,7,0.1,100,424.69574409537057,164.7829620740244,7.0418376834480085,0.059670837923890004,4.500566884235421
1,400,200,7,0.2,100,428.82077535476134,163.90881186012675,7.0524985715509825,0.18002641459685503,4.498758130935602
1,400,200,7.2,0.1,100,429.09545388217487,163.73548812167635,7.236866216906989,0.053850350229045454,4.499872631786027
1,400,200,7.2,0.2,100,431.63945195324993,158.76954131187205,7.25654123576327,0.17220373752605483,4.499257193240964
1,400,200,7.4,0.1,100,422.702233838323,158.8692156330997,7.445815347650965,0.04201846608046846,4.498991142220735
1,400,200,7.4,0.2,100,422.2509325001195,153.60093416143502,7.464409257251711,0.16758729832907582,4.4992992779242105
1,400,200,7.6,0.1,100,419.34235923809604,174.08748742580673,7.647548722063723,0.04892416844178954,4.503263628704785
1,400,200,7.6,0.2,100,422.81808541432315,165.25409341630234,7.6662071201062885,0.16837380822656028,4.499731450995569
1,500,50,7,0.1,100,515.0888488830191,37.05017195895589,7.038857744681262,0.08044825405618944,4.501249525330806
1,500,50,7,0.2,100,516.5252049154562,27.44334960150573,7.055892683302613,0.1877353153287455,4.500609361124436
1,500,50,7.2,0.1,100,516.9498949081786,37.13786081801508,7.238145188126587,0.0769626043275983,4.502476498452877
1,500,50,7.2,0.2,100,521.6570006057416,31.455270418966347,7.252534916682609,0.1858167524144618,4.498147824694313
1,500,50,7.4,0.1,100,524.6004714951692,45.58951905166858,7.4355247683527965,0.04975338350727014,4.499545242847522
1,500,50,7.4,0.2,100,529.4767941047743,40.47321493090355,7.4507029336525745,0.16461963794976361,4.501333264716096
1,500,50,7.6,0.1,100,524.8104637500269,58.41702174478889,7.638858887659619,0.04135074886080543,4.4990939923914794
1,500,50,7.6,0.2,100,528.2523947862097,55.887255266990394,7.657867036838729,0.15865467677770428,4.502745851795906
1,500,100,7,0.1,100,519.6594177667148,71.87991961768225,7.036921902024767,0.07680819091767963,4.499793856641171
1,500,100,7,0.2,100,521.1097075696215,61.55387507469793,7.056350432662425,0.18169524061094042,4.499067449174754
1,500,100,7.2,0.1,100,523.4732671399296,68.96058120483359,7.236597172741051,0.07360661524746683,4.4989235988959395
1,500,100,7.2,0.2,100,527.5698911238626,61.32630425643499,7.253057385023468,0.182713366155656,4.497443594650856
1,500,100,7.4,0.1,100,526.5162361877342,66.5408851332535,7.43722474866038,0.0514230125700837,4.498969308827631
1,500,100,7.4,0.2,100,530.2586360813342,61.01362900324018,7.45468698324768,0.17167648976063388,4.501382867188976
1,500,100,7.6,0.1,100,523.9712027220759,91.00652599209607,7.641167872450605,0.047561264111232134,4.500928862865989
1,500,100,7.6,0.2,100,526.9330546607358,80.5050356543155,7.659991368122178,0.16631285209283383,4.499452213704295
1,500,200,7,0.1,100,528.0321648401658,167.2001893416226,7.036397352669398,0.07869360187087801,4.498714565652754
1,500,200,7,0.2,100,524.6955229152343,161.69691225241428,7.056873415990385,0.18587502095056868,4.500092419253771
1,500,200,7.2,0.1,100,528.0155937366022,161.78780985526524,7.239072361053084,0.05804033158122049,4.5003889528428305
1,500,200,7.2,0.2,100,529.0159321049106,158.75252066401072,7.25641064084303,0.17682498144305386,4.497688562774069
1,500,200,7.4,0.1,100,525.9832492618364,162.36581147077968,7.440897035199384,0.062083298786136804,4.498979211089373
1,500,200,7.4,0.2,100,531.8002013828158,152.33175152660868,7.459091151036487,0.17685387435948713,4.4989481741325434
1,500,200,7.6,0.1,100,523.5047252639232,162.39046448979758,7.646071125429151,0.047642168124259344,4.499934257116371
1,500,200,7.6,0.2,100,527.6333098188423,153.92347279811838,7.66350927802265,0.16883474701362333,4.500415039377603
1,100,50,7,0.1,100,111.48637458975908,47.387345925231024,7.0430156315346455,0.04761983705747563,4.50129442265576
1,100,50,7,0.2,100,111.67137141720161,46.83486565516698,7.064604396654653,0.16699469143555826,4.500625948662953
1,100,50,7.2,0.1,100,117.06267110099118,49.203829678502025,7.239659823361899,0.047301462284255094,4.49869960221844
1,100,50,7.2,0.2,100,110.85298430595813,48.091844274303064,7.265216413592979,0.16953789178322465,4.499324011437502
1,100,50,7.4,0.1,100,115.77979275534604,58.790204636642066,7.442477426437228,0.05061751566318881,4.501773049842703
1,100,50,7.4,0.2,100,119.79335900553355,59.72971736921096,7.461228589494561,0.17507550571519107,4.500922123101967
1,100,50,7.6,0.1,100,119.56561004858918,62.09865347588358,7.641272418564621,0.05526330053057238,4.500463689217769
1,100,50,7.6,0.2,100,124.21233131062564,62.17304284100152,7.65918486807853,0.17555079617482153,4.499852534470695
1,100,100,7,0.1,100,108.88127134820051,96.68678252792506,7.048239480195412,0.05457821643337567,4.499355123458971
1,100,100,7,0.2,100,113.05376518572349,96.26056667040599,7.064354166412718,0.169062382370988,4.500374402101116
1,100,100,7.2,0.1,100,113.81524923330048,92.23050974259363,7.24429079384647,0.04933370505639407,4.50036691127878
1,100,100,7.2,0.2,100,115.94150877983634,87.75997012485342,7.264141632411597,0.1702265381347843,4.499981903980966
1,100,100,7.4,0.1,100,119.91394640840251,82.65292858414476,7.442107941181584,0.05735265825851796,4.499242808846161
1,100,100,7.4,0.2,100,120.75109449975011,81.42440435728194,7.4619462593850505,0.17446924088409083,4.50186599891026
1,100,100,7.6,0.1,100,126.19847748020993,74.88777101272797,7.6393541527119835,0.05690090267305986,4.498463400596627
1,100,100,7.6,0.2,100,123.67042542553985,75.32267140410185,7.663077589986638,0.17858505515390535,4.4985036945779076
1,100,200,7,0.1,100,112.45908574594138,180.75447148920514,7.052251981706787,0.049245214947825126,4.498832418434021
1,100,200,7,0.2,100,109.62750196764692,181.0814013144239,7.070658342737878,0.17509336951373206,4.501761846741876
1,100,200,7.2,0.1,100,117.81624633816867,173.53194959305907,7.2480780526734065,0.05645885756330958,4.501236554857213
1,100,200,7.2,0.2,100,117.90331542676282,172.56527578167382,7.265676156079181,0.17615620388310319,4.500959768218036
1,100,200,7.4,0.1,100,124.41416953060921,172.90907001369197,7.443303775589287,0.05559417390570347,4.500509849028875
1,100,200,7.4,0.2,100,124.22687757361525,163.52324425181618,7.462685172551134,0.17729022685964746,4.501447585091571
1,100,200,7.6,0.1,100,134.0064849683673,151.5463724863324,7.640275649866473,0.055656159567641084,4.5002938944956705
1,100,200,7.6,0.2,100,132.5761881075623,146.15356992060936,7.661210286340059,0.1817565687586681,4.5004677866362615
1,200,50,7,0.1,100,213.44179307394333,55.508428182887926,7.04024606923297,0.04702356700747238,4.499515365420591
1,200,50,7,0.2,100,211.82194135092016,54.93326084422027,7.06434315152646,0.16786304923213874,4.499930195717602
1,200,50,7.2,0.1,100,211.11789421646128,50.89841722939836,7.2435799877776805,0.05436374213230927,4.500761411382298
1,200,50,7.2,0.2,100,207.69763234760293,51.317756813809815,7.268567881363489,0.16783002647008663,4.500340601897747
1,200,50,7.4,0.1,100,211.17708718645983,58.12504793848299,7.4446275190649684,0.06011533421687494,4.50055155307873
1,200,50,7.4,0.2,100,208.61057089613047,59.62992357389959,7.467232357435869,0.17315356192565867,4.500671486602393
1,200,50,7.6,0.1,100,211.7804849285167,55.48315394251112,7.644959342981739,0.05604543507322345,4.5005123526215725
1,200,50,7.6,0.2,100,212.89592345109278,56.285124537480705,7.666274349930585,0.1738288212495489,4.500142508495792
1,200,100,7,0.1,100,213.02361309910887,98.43471358953221,7.044386436139936,0.04388625490292973,4.500456781971122
1,200,100,7,0.2,100,211.94731438264108,91.74886240059213,7.06551765597693,0.16822079902143477,4.500905295671283
1,200,100,7.2,0.1,100,214.96730902126006,93.66577342514665,7.243711774630784,0.05245554696668588,4.499761020155724
1,200,100,7.2,0.2,100,213.70076012394728,95.20012175063009,7.265516593595271,0.1719783265009205,4.499551726755461
1,200,100,7.4,0.1,100,215.26881971203323,86.23899908122443,7.444532215882765,0.05225418154580222,4.501008003237833
1,200,100,7.4,0.2,100,214.86458331070364,76.50520112489535,7.465968345759644,0.17094107634363126,4.4989623101679665
1,200,100,7.6,0.1,100,218.03651673986658,75.02447993483615,7.644521724080897,0.05285170986426335,4.499143484097611
1,200,100,7.6,0.2,100,219.3249295901209,74.85746986987252,7.664639330833256,0.1768134795398966,4.50035379787095
1,200,200,7,0.1,100,218.55381611661932,172.9789883721537,7.048487789931166,0.04182250839682201,4.501852046463258
1,200,200,7,0.2,100,217.1888192138996,166.71386719569318,7.067656400411765,0.167542735229633,4.4999971175969575
1,200,200,7.2,0.1,100,223.50478807649577,173.01003659197934,7.2438235282620385,0.042708040101559465,4.500800799885208
1,200,200,7.2,0.2,100,220.56242293962885,169.26129358144016,7.263398995325846,0.1693090528092692,4.499307013180333
1,200,200,7.4,0.1,100,222.5079764022915,165.0969352080717,7.4454218111656525,0.05598581828678055,4.498637889661413
1,200,200,7.4,0.2,100,224.24595515090937,163.49458745189958,7.4633470460842855,0.173489945441954,4.5017690074753105
1,200,200,7.6,0.1,100,231.58029109765374,158.20390484097163,7.641286499702583,0.05807757383363837,4.500336598841121
1,200,200,7.6,0.2,100,232.93267112689065,151.74546853240048,7.660786249544171,0.17507396301896516,4.498749820543096
1,300,50,7,0.1,100,314.56158810544173,33.91255055538112,7.040071031973707,0.04200663072467161,4.498272116058466
1,300,50,7,0.2,100,320.8109024376877,35.98523406048955,7.052500638713017,0.1631531221025999,4.502107263515214
1,300,50,7.2,0.1,100,317.1593672331197,55.13417759520415,7.2386300802981,0.046541892480862775,4.501093736885621
1,300,50,7.2,0.2,100,316.5213376791005,47.43099308471095,7.261973294603135,0.16094364418316937,4.500415927400083
1,300,50,7.4,0.1,100,314.79411456995916,58.58506944784551,7.442225209427915,0.045037628549514916,4.501488706136259
1,300,50,7.4,0.2,100,317.57572715084643,65.52424321925997,7.462497758655845,0.16890706721832977,4.50051053062289
1,300,50,7.6,0.1,100,313.982424549299,57.24284604185167,7.6440353467415285,0.05546540154314516,4.4985831144630435
1,300,50,7.6,0.2,100,319.1592328889175,61.44597418577844,7.663392374156392,0.1700046667586402,4.50030399413133
1,300,100,7,0.1,100,315.0179967062176,86.63003956072224,7.043681665823076,0.05083965011539887,4.4988031240385835
1,300,100,7,0.2,100,318.4485131171013,80.36806683071136,7.060063959289753,0.17237873351711439,4.499582764899868
1,300,100,7.2,0.1,100,317.12732187755455,92.73165009979265,7.242503079250983,0.04565910383786127,4.499900470168667
1,300,100,7.2,0.2,100,319.71489136654355,90.65099484139903,7.260127000070115,0.1630604291722037,4.502503173814437
1,300,100,7.4,0.1,100,313.97353905919323,100.39044910765104,7.445665069360332,0.0534138217780223,4.499796866038812
1,300,100,7.4,0.2,100,319.81413681340155,96.35071465867007,7.462665473721264,0.17048544301276242,4.501858986685726
1,300,100,7.6,0.1,100,321.4193117827847,80.80940831217022,7.6429024080351455,0.0556245525986196,4.4998338593683
1,300,100,7.6,0.2,100,320.19331563365347,77.04029387858671,7.664848000585984,0.16847007594615393,4.498577060212486
1,300,200,7,0.1,100,323.137798301179,174.10165049474318,7.040490250590285,0.05242102028619744,4.501383017595221
1,300,200,7,0.2,100,326.03584358254693,164.40937046468977,7.058043207461449,0.17254695815619395,4.497406651871992
1,300,200,7.2,0.1,100,319.6896257177495,167.62651130325293,7.24673307236765,0.04329014961492637,4.501641511347933
1,300,200,7.2,0.2,100,315.87366876750514,162.04630050375474,7.268898597044441,0.16736124182999298,4.503619248438104
1,300,200,7.4,0.1,100,320.70775871840686,175.6107825179262,7.445922857295545,0.04853590232379957,4.502484250716587
1,300,200,7.4,0.2,100,325.65408728567695,176.58691999676114,7.462904232286901,0.17074550496432672,4.499043337302109
1,300,200,7.6,0.1,100,323.80216560270435,163.87083952029528,7.645441188244158,0.05337608691245063,4.500013496868881
1,300,200,7.6,0.2,100,327.8163993524313,164.17812482009612,7.66376012943066,0.17066160117616977,4.499882118436125
2,100,50,7,0.1,100,121.67706968679067,37.10408067282181,6.984333030612565,0.1184505363037718,4.497998347593185
2,100,50,7,0.2,100,116.8518644411139,43.60338934528668,6.968874896327944,0.24543031763528841,4.4986503168440946
2,100,50,7.2,0.1,100,126.8763736104212,35.761807348862504,7.18238235797202,0.12370990511774979,4.498626145061906
2,100,50,7.2,0.2,100,119.33893958488945,42.043219494233185,7.1692692273302034,0.24327292702967088,4.498778387425442
2,100,50,7.4,0.1,100,127.6964416622449,41.02056509299683,7.382728608905339,0.1270095559642492,4.500772780973838
2,100,50,7.4,0.2,100,122.82101944556217,42.53205917326891,7.369935400036028,0.246158864039791,4.499080956284193
2,100,50,7.6,0.1,100,126.89606502576092,46.15587496503377,7.584504628890954,0.13296526889679836,4.498424189579855
2,100,50,7.6,0.2,100,117.65398816712191,46.28096303341537,7.573503157200122,0.24886972360720674,4.500521056396144
2,100,100,7,0.1,100,134.38249338879947,99.87975910915232,6.982908511066633,0.12300810939593829,4.50100583235531
2,100,100,7,0.2,100,136.49447229843324,108.91988190523344,6.964550072660915,0.24951688313387255,4.497964776468265
2,100,100,7.2,0.1,100,135.85775550945453,85.99349745597094,7.185121463148149,0.11682896988138598,4.499325793405644
2,100,100,7.2,0.2,100,129.31300136508355,97.10615255765217,7.169367608060798,0.24431868479556668,4.49837983134176
2,100,100,7.4,0.1,100,138.2736324582836,70.27924472993114,7.383734792645162,0.12376416461224271,4.5006573192903385
2,100,100,7.4,0.2,100,127.74729989163971,79.10234859741809,7.371383468189763,0.2407205502381232,4.499345954334234
2,100,100,7.6,0.1,100,137.79052994632542,57.518045254211415,7.5858389728542885,0.12187653385726753,4.497703242943063
2,100,100,7.6,0.2,100,127.79704358815641,66.93083957037018,7.569810454242787,0.24389209959962277,4.500471512259793
2,100,200,7,0.1,100,150.85543491491612,212.83573478995848,6.99153595351531,0.1219821300206931,4.49898054264854
2,100,200,7,0.2,100,152.30596360981144,215.1138165209018,6.9738058993181244,0.2550870802799926,4.496643539501876
2,100,200,7.2,0.1,100,154.87787639955866,215.6286385855404,7.187538624215424,0.12700345065319835,4.500502521314778
2,100,200,7.2,0.2,100,152.91520007014915,214.81382459139132,7.174967418874851,0.24612073923680164,4.4973479103974565
2,100,200,7.4,0.1,100,160.14142821168392,198.43605095296255,7.3861418180566965,0.12811944070486506,4.501493263396139
2,100,200,7.4,0.2,100,159.5548487169245,215.43167262248625,7.3722579473102074,0.24633451273993903,4.500273380731074
2,100,200,7.6,0.1,100,160.34563834621633,173.78757699313047,7.587250170441968,0.1266426500233862,4.499378263544143
2,100,200,7.6,0.2,100,161.84328301283023,200.22366853430805,7.57005404983944,0.24454258630982195,4.4983193262081835
2,200,50,7,0.1,100,225.23411360993993,31.497397454085093,6.980849452001104,0.11370982634018867,4.499245614669355
2,200,50,7,0.2,100,225.69153404599464,46.704123275634025,6.961702761551135,0.24452278796021187,4.495724751932239
2,200,50,7.2,0.1,100,222.3414455725392,37.268050642296636,7.185676392258225,0.11111515089938269,4.498561668922405
2,200,50,7.2,0.2,100,216.98103368454235,38.782138375205925,7.17169336685196,0.23842524813845642,4.498969517245136
2,200,50,7.4,0.1,100,222.31436823962355,37.390935254968575,7.386943105186944,0.11489348630858078,4.501264424033452
2,200,50,7.4,0.2,100,214.189074463689,40.51813171591206,7.375190060154579,0.23593566973519942,4.498768287816116
2,200,50,7.6,0.1,100,230.5345581465811,42.385843053441064,7.58429715578769,0.11441342820234755,4.499899550280498
2,200,50,7.6,0.2,100,217.2969946421746,44.8542840833812,7.572925073117737,0.24101278286833108,4.500380683796853
2,200,100,7,0.1,100,240.56561938518345,97.26373027985315,6.977700217373821,0.12074743845302478,4.497695916617672
2,200,100,7,0.2,100,235.709742768814,101.27790337349143,6.964602693043152,0.2547748569265547,4.498777271993745
2,200,100,7.2,0.1,100,234.62946511378823,86.71188953689966,7.1844978112786375,0.12406587751059318,4.500644965658396
2,200,100,7.2,0.2,100,236.66920742902093,100.4742363222114,7.1661808066706145,0.24880474070673406,4.498291992532211
2,200,100,7.4,0.1,100,233.86250187502768,63.11359641880684,7.387461010843478,0.12094451020958036,4.498332555583462
2,200,100,7.4,0.2,100,230.24446445126253,92.33360654436258,7.37275067170471,0.24268091564887606,4.499419061356229
2,200,100,7.6,0.1,100,240.9245513752813,58.35334818890096,7.583123901220342,0.11485227088276209,4.499514136050181
2,200,100,7.6,0.2,100,231.76305718970588,68.90886493358921,7.5687402274271705,0.23941859412755978,4.4985196270654875
2,200,200,7,0.1,100,259.1237282537575,206.43400230583487,6.982121887225978,0.13280627699885184,4.49937672481156
2,200,200,7,0.2,100,259.23788694164483,211.8830450766046,6.967872402067299,0.2520906063866828,4.498521707699762
2,200,200,7.2,0.1,100,257.04295135533863,194.9209967449282,7.186888418474054,0.12150240260124764,4.500028930514954
2,200,200,7.2,0.2,100,255.9845051046006,207.15511338125248,7.1701801714491555,0.2551542823417495,4.49914329828653
2,200,200,7.4,0.1,100,256.89491182450644,200.33641389771344,7.388218618214824,0.12259592541835193,4.500298822332734
2,200,200,7.4,0.2,100,258.17965395519616,202.1285004024872,7.371191109050353,0.24794325384094063,4.500092861916189
2,200,200,7.6,0.1,100,264.06209115307206,178.33077298159802,7.584503941428832,0.1294776782683469,4.497637971567569
2,200,200,7.6,0.2,100,258.17424318557227,198.82248645906864,7.569425844093494,0.24743947328454305,4.4992061262116465
2,300,50,7,0.1,100,327.96266035324106,27.642100328092237,6.976710386190036,0.1153809040400095,4.497618853031671
2,300,50,7,0.2,100,320.8488873853602,33.918430449940466,6.960520521280517,0.24469816377491344,4.497853670010328
2,300,50,7.2,0.1,100,332.8711521384534,29.861627856136035,7.174357236864587,0.11380036308353345,4.497421239893921
2,300,50,7.2,0.2,100,326.0653199226552,35.946833791510635,7.159561456476326,0.24406699731549772,4.498805991095956
2,300,50,7.4,0.1,100,331.40626576585413,32.27841685735403,7.3801541204855985,0.1043333369942673,4.497637396897529
2,300,50,7.4,0.2,100,324.7174447516448,38.799403818526024,7.3637555751405985,0.24046632761002112,4.499320257052065
2,300,50,7.6,0.1,100,318.3329666742359,40.57993857646575,7.590660952521201,0.11138916945267983,4.502167810359474
2,300,50,7.6,0.2,100,312.2486221978286,45.69185959550234,7.575384157295165,0.2339633996169815,4.497135892209769
2,300,100,7,0.1,100,338.67556541182915,88.72981893606904,6.977902370821771,0.12940503712238807,4.4983575754965495
2,300,100,7,0.2,100,337.20217972917885,101.84965458371593,6.962267015891941,0.2461867434630701,4.495265182090247
2,300,100,7.2,0.1,100,342.3374232570029,88.2704472594747,7.178814708851434,0.11451964039666991,4.499192117746081
2,300,100,7.2,0.2,100,336.99548284897855,92.99785021649193,7.163564749581079,0.24598306865420513,4.50080879680082
2,300,100,7.4,0.1,100,343.509656847845,79.77347931807623,7.3807326677728895,0.11344892331740092,4.5006754015664825
2,300,100,7.4,0.2,100,338.508499477306,97.9798376295517,7.364838931398685,0.24578606831465047,4.498338602515345
2,300,100,7.6,0.1,100,331.31642820302625,57.339778638525914,7.5889200341599405,0.11437013609546627,4.500889337393256
2,300,100,7.6,0.2,100,329.9153608481627,83.24492478927904,7.569648876995468,0.2391454064375557,4.498030612392848
2,300,200,7,0.1,100,359.51268693430296,202.99244028201022,6.97969100155853,0.1462718047621636,4.498931627145376
2,300,200,7,0.2,100,358.8415284257128,210.2320307636361,6.967998312100924,0.2542425519378195,4.509559137398601
2,300,200,7.2,0.1,100,363.7620488993911,189.0360314779474,7.182055483578012,0.13440283507616627,4.497700503108823
2,300,200,7.2,0.2,100,362.2504628895414,203.07018548607923,7.166996416414085,0.2576761353155687,4.502395162791993
2,300,200,7.4,0.1,100,366.59263594439454,183.5649536355572,7.382170955630499,0.12355844297055425,4.49802379620272
2,300,200,7.4,0.2,100,360.88687983749026,190.8036178114734,7.366782411233677,0.2538068614456742,4.500040270850635
2,300,200,7.6,0.1,100,364.20761229629613,183.72025333100737,7.583602211722473,0.12563084162064156,4.499476776458855
2,300,200,7.6,0.2,100,365.11441912362466,188.43653845291894,7.566846406078306,0.25043421216125394,4.4993120291654
2,400,50,7,0.1,100,425.34512033527983,23.011022061382388,6.979132423364401,0.1249461949510512,4.4980890367901045
2,400,50,7,0.2,100,421.36634563020283,35.584738345131036,6.965500935866388,0.2383709544135246,4.496485943387861
2,400,50,7.2,0.1,100,430.57654597270454,26.327488611401584,7.174781934426909,0.1155852141765017,4.498817814097296
2,400,50,7.2,0.2,100,420.5783015154516,29.575975638601566,7.163719531749908,0.2417523289993958,4.5009747725308715
2,400,50,7.4,0.1,100,435.25232082723033,30.646172363911184,7.3751804542375865,0.11843844640909681,4.498890829512782
2,400,50,7.4,0.2,100,429.4539176297402,35.832564802465704,7.36139911436407,0.24143561443541753,4.499146300403632
2,400,50,7.6,0.1,100,436.4088234782063,36.6884908865741,7.58061876652199,0.10446367727818788,4.501675287000964
2,400,50,7.6,0.2,100,428.27959917823216,41.12393442502111,7.56461565988808,0.24069144672402443,4.497765971898044
2,400,100,7,0.1,100,436.6578476049848,88.02759051497914,6.980388792029777,0.13222282914517364,4.498535707954357
2,400,100,7,0.2,100,435.1950433657485,102.53219590894793,6.966592024924534,0.24868176202334047,4.49658543874311
2,400,100,7.2,0.1,100,440.351011949223,65.17511120421544,7.177971746952577,0.12477556794355825,4.499093883449777
2,400,100,7.2,0.2,100,438.59164773548883,87.89887852925114,7.159843034489501,0.24977560509091906,4.498646852002954
2,400,100,7.4,0.1,100,445.3087887558526,60.14601485437079,7.377988812422459,0.11688952175498597,4.499615695304257
2,400,100,7.4,0.2,100,438.1114347366602,74.08005870755063,7.362698938346075,0.24478579953213164,4.497034610337719
2,400,100,7.6,0.1,100,449.92024175068417,61.694002040683486,7.578654327030502,0.11239423898298857,4.498991533714373
2,400,100,7.6,0.2,100,438.7882890181876,76.69710999269962,7.564660884467152,0.2424563102032679,4.497814942048885
2,400,200,7,0.1,100,459.1668549065955,199.4840567436496,6.982442034319702,0.13746754061644306,4.507240157960479
2,400,200,7,0.2,100,460.541070826797,202.80799811043602,6.967343452082969,0.25873549446521416,4.519910145603705
2,400,200,7.2,0.1,100,463.0004239357837,193.23694387689264,7.177423646570772,0.14039608109802945,4.504002088248107
2,400,200,7.2,0.2,100,465.2608998340824,202.137040302457,7.164164101848697,0.2506023327760575,4.503765903225856
2,400,200,7.4,0.1,100,465.7295039843226,181.3286211161008,7.380912656237595,0.12713627382837178,4.499828303011066
2,400,200,7.4,0.2,100,465.50099199477313,191.85010886754182,7.366163616884399,0.25713807159238355,4.499056197694377
2,400,200,7.6,0.1,100,469.4445759852138,173.21357455139784,7.581758918187514,0.12010239667272767,4.498341663938931
2,400,200,7.6,0.2,100,464.5761270244778,186.79458319948392,7.567229525197134,0.24857746289233948,4.500492225207605
2,500,50,7,0.1,100,521.0558758785996,24.387345425732647,6.982661988036219,0.11522418753702243,4.498391740551383
2,500,50,7,0.2,100,518.0021933109376,45.421374300213664,6.966915259050242,0.2451052115015397,4.49587946154592
2,500,50,7.2,0.1,100,525.9924266911036,22.866855939828945,7.179621513150612,0.12260461592489481,4.498864511727103
2,500,50,7.2,0.2,100,518.7662829125389,30.22142262447126,7.168829971171455,0.23494389602826726,4.498895552797279
2,500,50,7.4,0.1,100,531.9692744675459,27.14734912957323,7.377915702803896,0.11475344774292666,4.499042938266733
2,500,50,7.4,0.2,100,522.1989012502881,31.52082710290118,7.368537432443559,0.24334355085037615,4.498714717008328
2,500,50,7.6,0.1,100,541.6733418776541,31.994066842866403,7.5741754181954875,0.11854383471432935,4.500740416651342
2,500,50,7.6,0.2,100,532.3155489976333,35.44680709026234,7.558921561364002,0.23963484656266149,4.496726898711876
2,500,100,7,0.1,100,535.0839316940366,95.79218902172934,6.9835442586612455,0.12742053608017972,4.5013829750715875
2,500,100,7,0.2,100,532.3684981629088,105.66196880933012,6.9714543673242595,0.2522583457740686,4.506229553875907
2,500,100,7.2,0.1,100,538.456303198821,73.27558612489753,7.181352159118484,0.12418633357077412,4.499655738791631
2,500,100,7.2,0.2,100,535.5170300180596,96.21659249058052,7.167048188061614,0.24279445333002223,4.498012899827701
2,500,100,7.4,0.1,100,544.3016456755373,54.923212129610334,7.376938322541189,0.12282655542870682,4.4997057757931005
2,500,100,7.4,0.2,100,534.0049158106038,72.13883438029308,7.367529989470493,0.2472394300793731,4.498547613760001
2,500,100,7.6,0.1,100,551.321643789995,46.42774690826541,7.5763276748552135,0.11648246945424472,4.499446381075903
2,500,100,7.6,0.2,100,542.5930338682596,66.23540395641162,7.559818391388685,0.24550221312524276,4.496443141058622
2,500,200,7,0.1,100,555.8054159427826,198.37221723921624,6.987242807829819,0.1480150323896729,4.481370549097478
2,500,200,7,0.2,100,557.3487239712451,205.4803193406587,6.966805988685932,0.26335073049752905,4.492062185592219
2,500,200,7.2,0.1,100,563.7965185757382,195.0888018803389,7.180151863726176,0.13466759082672772,4.502119430864903
2,500,200,7.2,0.2,100,561.861170568018,202.51596022803207,7.167777792034221,0.2531164503345005,4.480001815078816
2,500,200,7.4,0.1,100,567.2734230583396,183.07971525952226,7.379219804712677,0.13816586801369576,4.498948269845058
2,500,200,7.4,0.2,100,565.7914424811833,197.23857050932244,7.363502734446473,0.24861785967942052,4.5012907271172615
2,500,200,7.6,0.1,100,571.5322194345471,165.1577378759479,7.5798085824156844,0.12142735719795841,4.500164691590037
2,500,200,7.6,0.2,100,566.2691132868321,181.19168285974015,7.565308096426124,0.2541073080021626,4.499616127324799
3,100,50,7,0.1,100,115.8289225005615,40.29682908041194,6.986762955578176,0.07919159229661232,4.498374982805482
3,100,50,7,0.2,100,115.37477749747093,39.65094298314403,6.990969150246269,0.17491155088871382,4.501885972025562
3,100,50,7.2,0.1,100,123.02535541504362,43.19577258044354,7.185441457416272,0.07365130471126803,4.498908822561325
3,100,50,7.2,0.2,100,125.24883951137475,45.41551511708985,7.184753283470248,0.1746223055260312,4.49895136078654
3,100,50,7.4,0.1,100,127.07770429145383,50.11811463059071,7.386576935072733,0.06478760257626281,4.502092181887837
3,100,50,7.4,0.2,100,127.15809605315705,59.43410524817931,7.387234288706319,0.17424930850939532,4.5024430624535405
3,100,50,7.6,0.1,100,129.88614127157496,55.790592065838425,7.589059424688516,0.06671095239655987,4.500199110808318
3,100,50,7.6,0.2,100,128.16800673046097,60.627191649064756,7.5915490938188475,0.17228632696696639,4.501822396949502
3,100,100,7,0.1,100,110.21456957961017,66.13300244946436,6.988061338994431,0.06467148180242546,4.497929979605388
3,100,100,7,0.2,100,111.9668563739947,72.29012369820238,6.986277586773491,0.16870648915131092,4.501040375850943
3,100,100,7.2,0.1,100,118.77303150772838,60.40427393220225,7.185310790871599,0.06413784060500227,4.500073032397794
3,100,100,7.2,0.2,100,116.11853588194369,62.070994742863675,7.188408121842928,0.16951960041495237,4.501856568739812
3,100,100,7.4,0.1,100,120.24026166852343,67.76837004936284,7.387024270117852,0.062234907693761915,4.499087086061862
3,100,100,7.4,0.2,100,120.52986383568475,70.65047751529538,7.391001178518988,0.1696820928148126,4.500610424353301
3,100,100,7.6,0.1,100,133.10266326522805,63.964162193552575,7.584559530234152,0.0656188686114067,4.49890714210301
3,100,100,7.6,0.2,100,127.80682798256439,71.21460710331806,7.587784901636117,0.17189378236019157,4.500798393250835
3,100,200,7,0.1,100,99.13508359644996,155.16535081869242,6.986425877025704,0.06439747485824837,4.5015424970967075
3,100,200,7,0.2,100,97.86791053623425,155.5836052914749,6.988707877797775,0.15903285071306567,4.500174471928081
3,100,200,7.2,0.1,100,106.10625882398217,161.3731810414788,7.183074071788252,0.0604258550171136,4.500214758483711
3,100,200,7.2,0.2,100,103.3174741254168,159.1154618128714,7.186203701352677,0.16308009624071118,4.500403759635693
3,100,200,7.4,0.1,100,109.24760020907124,153.1868872295097,7.38681660587136,0.0630406165693741,4.498181575497636
3,100,200,7.4,0.2,100,109.62794630018058,153.61147092767044,7.388457659628095,0.16538757717065997,4.501351328543973
3,100,200,7.6,0.1,100,113.80674368659581,150.381442705094,7.588186964710797,0.06488987403472124,4.499996804269967
3,100,200,7.6,0.2,100,115.10458960592368,149.27626259264082,7.5900288542268894,0.16810871606067654,4.5011030799695115
3,200,50,7,0.1,100,210.605601089747,45.25149992499099,6.9919010735152,0.06676738137795314,4.500869994308256
3,200,50,7,0.2,100,211.30013375588328,48.25416143725128,6.994625866556281,0.17391576234144815,4.499108892058864
3,200,50,7.2,0.1,100,211.76279270119701,44.41281434592971,7.194997063793129,0.07002838551036566,4.498790578126169
3,200,50,7.2,0.2,100,213.57126878098114,50.2847845568246,7.19387646316011,0.17456027705207644,4.499280614810812
3,200,50,7.4,0.1,100,222.3966296404992,49.93296273137351,7.389223893563355,0.07380976817158051,4.504130881043132
3,200,50,7.4,0.2,100,222.39591212052832,51.56665106978875,7.391616041413944,0.17367687272748647,4.499087208713931
3,200,50,7.6,0.1,100,228.3681368626113,61.54421505281407,7.589300630607368,0.06265597393458223,4.501119026163477
3,200,50,7.6,0.2,100,237.10113568070605,56.77709701981521,7.585570353904494,0.17568394609133722,4.499327376213205
3,200,100,7,0.1,100,202.78316022109212,89.13698742254789,6.994099541900965,0.07574547196359066,4.499832071962178
3,200,100,7,0.2,100,204.54994296718448,86.85356064507634,6.994597889141453,0.17402373954135647,4.5000506706454715
3,200,100,7.2,0.1,100,210.18643647123025,81.57175538651315,7.191078153246247,0.06803854991750079,4.5001755033798645
3,200,100,7.2,0.2,100,210.88739731738707,93.42117368372989,7.190401512419872,0.17600572410268792,4.5009279649009075
3,200,100,7.4,0.1,100,216.24742495165304,64.0726340855859,7.391089622385287,0.06505697129549855,4.500488861606052
3,200,100,7.4,0.2,100,217.91206039259342,67.4698421061226,7.391451029505067,0.1706397423083162,4.499789193214688
3,200,100,7.6,0.1,100,228.7488213059485,59.79250038175809,7.586396129080987,0.06492549864236236,4.5013436167931955
3,200,100,7.6,0.2,100,226.37944084817627,63.82547728380895,7.590064954143816,0.17171346840788837,4.499353269389978
3,200,200,7,0.1,100,198.00404685524694,158.64316491942503,6.987612323210798,0.06336903120206105,4.4985973157834405
3,200,200,7,0.2,100,189.10380375406524,153.2222833815697,6.994614414702992,0.16330734944844072,4.499464844627738
3,200,200,7.2,0.1,100,200.29690359515084,152.67129224940527,7.189726714705636,0.06718918744032601,4.501218895920903
3,200,200,7.2,0.2,100,199.22610529601937,153.14859817384314,7.190981550270252,0.1729523236037197,4.498027231677652
3,200,200,7.4,0.1,100,211.36950655716473,150.25826523581804,7.384932319168994,0.0590512906598713,4.497684855846054
3,200,200,7.4,0.2,100,210.06268696945827,151.37896925569692,7.387258726373678,0.16838875505913742,4.501116860372478
3,200,200,7.6,0.1,100,221.14963657753998,136.99837626208014,7.584471672684169,0.0651726515413116,4.499151320585253
3,200,200,7.6,0.2,100,218.28910050661855,142.65600805598797,7.587524888028634,0.16770872005366808,4.498933013587451
3,300,50,7,0.1,100,302.23802211456126,60.86787795074589,7.002061587760426,0.07593752902614524,4.500835238136788
3,300,50,7,0.2,100,304.67435706482183,56.5313581312128,7.000116010858085,0.17713283586205678,4.500334366589721
3,300,50,7.2,0.1,100,310.0504831473325,57.19058622002552,7.196008678328759,0.07145365084091647,4.497900907382473
3,300,50,7.2,0.2,100,307.93415300477074,60.68240756195273,7.199097686392097,0.16890556393575004,4.4989351653673095
3,300,50,7.4,0.1,100,316.8755541427402,60.78279147932999,7.393673427440174,0.07100466628469244,4.501689090448312
3,300,50,7.4,0.2,100,318.70870467823215,67.87417609401108,7.3957051341341,0.17390586255268004,4.500401071142797
3,300,50,7.6,0.1,100,325.2345554060941,53.60426831661452,7.590869032404772,0.06953724061329036,4.49944767570624
3,300,50,7.6,0.2,100,326.2637047602314,62.31461677819068,7.593456461790695,0.17855524766274758,4.499397288077409
3,300,100,7,0.1,100,300.46477104528566,93.7375639156661,6.996479876380121,0.06656296361044847,4.500012255263302
3,300,100,7,0.2,100,296.90419694139996,87.628668250762,7.00131423846901,0.1647998557751492,4.500926007064216
3,300,100,7.2,0.1,100,307.29952023105915,91.96381396974712,7.192890839903838,0.08204407204722043,4.501486312852413
3,300,100,7.2,0.2,100,305.1571305683136,89.03944085275982,7.19672051411679,0.1699156108986272,4.500150180365088
3,300,100,7.4,0.1,100,312.86374196936697,86.82578292642832,7.392602315106665,0.06735861481005323,4.497815941286397
3,300,100,7.4,0.2,100,314.2733602437674,92.44560158387485,7.3925376470663124,0.17562653966447617,4.499701425820941
3,300,100,7.6,0.1,100,322.14663227453553,72.67392507236414,7.590471783923882,0.07253705437503079,4.498563017430015
3,300,100,7.6,0.2,100,323.3734308657394,76.48100124453849,7.591761174179765,0.17362958582010507,4.4989180520450045
3,300,200,7,0.1,100,290.30172367399734,163.31334131623922,6.994268516929404,0.05708521159433598,4.498914171281085
3,300,200,7,0.2,100,292.12562462197627,156.60257622414,6.994127281793217,0.16052995331472683,4.503631113209796
3,300,200,7.2,0.1,100,297.106270935931,165.8788807115126,7.189649929867984,0.06336496190091809,4.497805649256434
3,300,200,7.2,0.2,100,295.0309775437455,155.61263305961023,7.19288821744269,0.1616216584227953,4.5005642996616295
3,300,200,7.4,0.1,100,298.99715623215843,156.89603669503575,7.392182648712449,0.07363738884039664,4.49973463505251
3,300,200,7.4,0.2,100,302.36515870205295,155.34153210916315,7.393480408557816,0.170958898511812,4.497729169357488
3,300,200,7.6,0.1,100,313.71726786734393,146.9170692164845,7.587038549123985,0.061279501219521165,4.498948699623553
3,300,200,7.6,0.2,100,313.00374865332014,148.4053082671852,7.589656467609753,0.1728816349189023,4.500169671314638
3,400,50,7,0.1,100,398.7867733680475,72.94506386179071,7.004315376794992,0.08849597996750748,4.50064871710411
3,400,50,7,0.2,100,400.6440499404274,56.397702442121314,7.007685711875264,0.1783268236407611,4.50201941786968
3,400,50,7.2,0.1,100,399.62538845950735,67.7716125351469,7.204930740205468,0.08599879372175659,4.49971732324739
3,400,50,7.2,0.2,100,404.1200697919098,67.3321259812122,7.203950089077852,0.18640565374626705,4.5012199625623195
3,400,50,7.4,0.1,100,409.2279833753393,65.83776027580764,7.399476100097422,0.07279311622914196,4.49883825622011
3,400,50,7.4,0.2,100,413.5537952135808,64.39743698903807,7.397561352726584,0.1725995332415266,4.5012197981171145
3,400,50,7.6,0.1,100,419.4241462112974,74.94005459999279,7.594083122018676,0.06574753914353322,4.500963836733192
3,400,50,7.6,0.2,100,421.78996199424006,70.94670911081856,7.597290048074863,0.1731098322976002,4.498365987704226
3,400,100,7,0.1,100,393.2329608671948,99.50159867284445,7.0051802144106174,0.07984848712531735,4.501417802457882
3,400,100,7,0.2,100,393.39742848463845,94.07176119717272,7.005759176395609,0.17633066664177682,4.5017754993180565
3,400,100,7.2,0.1,100,398.88869021336274,97.32452029391325,7.2004389109600515,0.07015019391328459,4.499036993405637
3,400,100,7.2,0.2,100,399.8060582845218,93.66207365114916,7.201772370482238,0.174382007784484,4.498479539729493
3,400,100,7.4,0.1,100,407.9401604232915,100.67962137000231,7.396262102350646,0.07113858461968006,4.500280274088193
3,400,100,7.4,0.2,100,404.80335927221364,94.13358621505718,7.399531181510712,0.16674360709480715,4.499621181292703
3,400,100,7.6,0.1,100,415.75197533338593,91.43399548931211,7.593074367295382,0.06305417950310585,4.498809323897559
3,400,100,7.6,0.2,100,419.7611115407543,101.72321030503315,7.592790670769239,0.17380359114648594,4.501380473959211
3,400,200,7,0.1,100,386.74131753452866,164.33049055803264,7.000220995325604,0.06006175849878231,4.5003242238192085
3,400,200,7,0.2,100,387.578320717994,162.53113785857101,6.996592366645302,0.16166659746134743,4.497498928011094
3,400,200,7.2,0.1,100,393.20705889893657,166.36093256670597,7.1971206945264274,0.05909056395622211,4.499545946287914
3,400,200,7.2,0.2,100,390.75733280859356,158.71146225327297,7.198020630553771,0.15873419112753878,4.4991097474621835
3,400,200,7.4,0.1,100,403.6502575325145,167.62413217990513,7.389299356850439,0.0625658126229926,4.499281828917595
3,400,200,7.4,0.2,100,399.3035295185984,154.69375720890054,7.395566825161766,0.1681639625116235,4.498958517173276
3,400,200,7.6,0.1,100,405.38388719603466,156.8282019134331,7.592316345374297,0.0696174539930522,4.500300667485749
3,400,200,7.6,0.2,100,406.2434124247316,159.7696306635924,7.59247213563725,0.17175577407926856,4.499624396889955
3,500,50,7,0.1,100,500.7495432171491,45.77759378772287,7.003837276832774,0.08447196546453009,4.500053945757415
3,500,50,7,0.2,100,503.1459740991993,49.5955758834629,7.001473555983255,0.17974094872795793,4.502327383433017
3,500,50,7.2,0.1,100,502.24707797732947,74.25991048006513,7.20297795382382,0.08825982904742974,4.501369472715302
3,500,50,7.2,0.2,100,502.3310243516672,64.19725299946498,7.205646147542759,0.17883644649561933,4.49821447568812
3,500,50,7.4,0.1,100,503.32250419629054,77.8183537440352,7.40262530437542,0.08869033531674017,4.500479649707011
3,500,50,7.4,0.2,100,506.7062913739286,74.84460609603244,7.402999360304271,0.18406372465967588,4.5017029525391825
3,500,50,7.6,0.1,100,512.4579684428401,72.90433358624988,7.598760665595952,0.07879693095461768,4.499739674403049
3,500,50,7.6,0.2,100,515.1800237412726,73.93778791778352,7.600195499401756,0.17515384092603317,4.5009609408900255
3,500,100,7,0.1,100,497.1160341154833,94.33580504114396,7.000299732075889,0.07683279343481873,4.501014599739881
3,500,100,7,0.2,100,494.2687298829047,90.80727260381067,7.004760419433262,0.17432978988142908,4.502671028437396
3,500,100,7.2,0.1,100,495.8752786588667,107.32402577274712,7.203591147936676,0.08644500144847743,4.500840470821324
3,500,100,7.2,0.2,100,494.64743222744005,94.66741261508679,7.205952480105936,0.17965497734845862,4.500894450770395
3,500,100,7.4,0.1,100,500.57025086519303,96.14033025421593,7.400199754185203,0.08028934584464636,4.502198936163789
3,500,100,7.4,0.2,100,500.5239244641338,97.97631963778937,7.402899702160436,0.1799266180485844,4.502501566640591
3,500,100,7.6,0.1,100,511.50958770588466,108.7659987972768,7.595895951716791,0.08045470344602916,4.500488960540794
3,500,100,7.6,0.2,100,512.5510837924563,96.20256805684623,7.599126439133496,0.1712319692512772,4.499688166214283
3,500,200,7,0.1,100,485.2400176194305,168.339166290822,7.000285729941622,0.06736629386925076,4.499301150869336
3,500,200,7,0.2,100,482.10388345154576,168.96502813828857,7.002674204482151,0.1735035430667298,4.474138838184395
3,500,200,7.2,0.1,100,485.1463807564953,166.05909443313115,7.2028920971546295,0.07050036322844538,4.49859343801175
3,500,200,7.2,0.2,100,488.5682352302973,159.1548674701658,7.200006547252897,0.1701822742822893,4.5006237550427715
3,500,200,7.4,0.1,100,492.3742689446276,167.67418747040148,7.397483231582804,0.0745526455777571,4.498588816717255
3,500,200,7.4,0.2,100,492.26730636850436,161.09891785238486,7.398958610353254,0.16465750322132627,4.5013639502711715
3,500,200,7.6,0.1,100,502.3027189423749,174.65063797762366,7.59392481812645,0.06900673916702882,4.501304959871098
3,500,200,7.6,0.2,100,500.4120537961122,158.92706915712998,7.597168357472371,0.16978676355430264,4.500962364563392
4,100,50,7,0.1,100,154.14829404527634,32.65524203377382,6.998069986608863,0.08732608300746832,4.5003509518354825
4,100,50,7,0.2,100,155.25713232124178,29.763997412071287,6.998251637041533,0.1844045648406088,4.499788917566952
4,100,50,7.2,0.1,100,159.38932709672105,34.06779868454764,7.198780668273794,0.07727887455002949,4.498775806759905
4,100,50,7.2,0.2,100,163.07496923492258,31.67548215512554,7.1988099377164225,0.18660827422271048,4.5003430143882595
4,100,50,7.4,0.1,100,164.86786206461161,39.99933125369211,7.401733897172377,0.078021149682503,4.499488551351099
4,100,50,7.4,0.2,100,165.7024779983879,37.468374785494916,7.40191546050583,0.18285426562055765,4.499381822880965
4,100,50,7.6,0.1,100,178.86359703184462,50.15890031356158,7.598344289935293,0.08004182460797261,4.49886133840587
4,100,50,7.6,0.2,100,178.44128261702662,48.61906640535135,7.599336476245462,0.1809503925855132,4.501233195591919
4,100,100,7,0.1,100,178.29177943533753,69.44149992342658,6.996273934930777,0.08036755322655872,4.501259969082896
4,100,100,7,0.2,100,181.79531567454436,69.63456079285757,6.997393950513923,0.18315918166921327,4.50188817254223
4,100,100,7.2,0.1,100,181.2402677899788,54.98890424633737,7.199889313847082,0.07703944063263962,4.498740888995901
4,100,100,7.2,0.2,100,186.1605655955776,51.106243377087104,7.198786960600628,0.1827942441911078,4.501140995063307
4,100,100,7.4,0.1,100,193.40744148063663,51.74145146967113,7.397096122315569,0.07823248361950985,4.498813424828585
4,100,100,7.4,0.2,100,193.55504438031707,49.48727170680636,7.400703106800844,0.1825286842507182,4.500734140362675
4,100,100,7.6,0.1,100,199.11764606488921,59.47668649723502,7.600821386641694,0.07832717124819195,4.499220553528659
4,100,100,7.6,0.2,100,203.13734226035095,52.84687693549003,7.601495155107947,0.18310935787502608,4.500023448718364
4,100,200,7,0.1,100,221.56762013044423,168.37463491939917,6.991302283976617,0.08936086021381316,4.500098960773592
4,100,200,7,0.2,100,226.58759686471393,165.1957721489202,6.9948965619541115,0.18722044712666014,4.500417888111399
4,100,200,7.2,0.1,100,235.49456033388358,160.5630813159653,7.189311328250698,0.0729234059519257,4.501506441490107
4,100,200,7.2,0.2,100,240.09336106737578,157.07897478661985,7.191648937811485,0.18001461188818102,4.501057299280566
4,100,200,7.4,0.1,100,243.9733237476659,134.61341074915262,7.392702388585378,0.07035053417863477,4.499182015929861
4,100,200,7.4,0.2,100,248.12806985528226,138.70017420959593,7.394728583574428,0.18069130946031045,4.499415843411862
4,100,200,7.6,0.1,100,257.59965761465764,111.28287597416306,7.592233540923138,0.07826238208893774,4.499191620538971
4,100,200,7.6,0.2,100,264.8585722838836,97.82686866779258,7.59341727686723,0.1792778025608894,4.500002636998393
4,200,50,7,0.1,100,252.2636180587456,33.5685133595868,7.001086181628449,0.06793800874505748,4.4979430206734365
4,200,50,7,0.2,100,257.80550633345945,30.698163279390773,6.996266212062153,0.17819628426002618,4.500724963394895
4,200,50,7.2,0.1,100,262.85754147152164,34.77940095631322,7.196955222894134,0.07625983920307343,4.500224265357788
4,200,50,7.2,0.2,100,261.4387846196968,31.869584072485225,7.200777524295918,0.1778646894659796,4.498329503914341
4,200,50,7.4,0.1,100,273.6234197401958,38.899525715597655,7.395183264655437,0.07837210649853646,4.499151354906773
4,200,50,7.4,0.2,100,270.30868435340744,39.284278782918975,7.3976964198947615,0.1805147954163136,4.500480790160501
4,200,50,7.6,0.1,100,275.1690780861528,45.725376222976585,7.600103261197114,0.07393658542868774,4.499297425701173
4,200,50,7.6,0.2,100,275.73463483270814,39.30143639546957,7.602222710771619,0.1807038657509258,4.499253957491594
4,200,100,7,0.1,100,276.71248808681787,81.84244822245361,6.9968187581751184,0.074208636584322335,4.50132177368362
4,200,100,7,0.2,100,283.0999259307764,78.64304440422251,6.996867463009857,0.18587769985993452,4.499538074246015
4,200,100,7.2,0.1,100,285.018093680642,74.33857239265261,7.196313088966423,0.06817690877616284,4.500794300487854
4,200,100,7.2,0.2,100,290.9153308318372,70.2484216570865,7.197018569314083,0.1787519490851124,4.498160260562413
4,200,100,7.4,0.1,100,292.6952051523895,62.16681095019172,7.399443745832694,0.07085428556598337,4.4991097974591385
4,200,100,7.4,0.2,100,298.48431795107786,53.712123614660534,7.397067131124989,0.17706236149357837,4.502437716345383
4,200,100,7.6,0.1,100,303.1940337614027,51.97836622797374,7.597158273210486,0.06947141657050492,4.500956017023983
4,200,100,7.6,0.2,100,300.9968939885815,47.214712150919745,7.601478779865882,0.17509524625043218,4.498633002786453
4,200,200,7,0.1,100,324.45316182299314,169.12448966482228,6.9902034071255885,0.08661849870457014,4.500297389132905
4,200,200,7,0.2,100,325.7592686304838,164.41151798838987,6.993148929005655,0.191198076030989,4.499341547104801
4,200,200,7.2,0.1,100,332.29657474456394,162.81905169340578,7.190756495864091,0.0836289475935544,4.4990897738930125
4,200,200,7.2,0.2,100,336.7687844490872,159.33291472882323,7.193789058833834,0.18747740786145312,4.499335748813056
4,200,200,7.4,0.1,100,344.2153232088602,154.31709714482034,7.391299647281933,0.08169352492562423,4.500062315734132
4,200,200,7.4,0.2,100,351.3667746219125,154.41210621694472,7.391426458875649,0.18553513344742617,4.500626323790453
4,200,200,7.6,0.1,100,346.0575873486572,125.1826660604446,7.598450384110025,0.060835764649798625,4.501831570738384
4,200,200,7.6,0.2,100,356.4664215634542,135.64822403557312,7.598121712041394,0.18029555622076696,4.501957781275915
4,300,50,7,0.1,100,347.16502769433714,40.54310708894242,7.00602910718003,0.09734506316803537,4.49976426169094
4,300,50,7,0.2,100,349.2996679954827,35.26928138095272,7.0086990496648305,0.19823312205930968,4.501193291849346
4,300,50,7.2,0.1,100,354.0839134557521,38.37586865022377,7.204752538650955,0.08106813010461779,4.502443748751149
4,300,50,7.2,0.2,100,358.3251290432292,36.79938868073245,7.203348182549639,0.1861657816626044,4.499485183843841
4,300,50,7.4,0.1,100,362.36232134406964,40.9330032241971,7.404658456956959,0.06923786128596637,4.5008810780056105
4,300,50,7.4,0.2,100,362.4377494718803,38.33373801912412,7.404876283414298,0.17559644656237028,4.4978079016373425
4,300,50,7.6,0.1,100,381.66530359116524,44.17824320491645,7.597417855884379,0.07599561430294524,4.501495906672202
4,300,50,7.6,0.2,100,380.7716028682048,41.72026670690677,7.599057625338467,0.17698619503970664,4.501670790920201
4,300,100,7,0.1,100,373.64183054239584,86.03628095949117,7.000356149283838,0.10545544645992096,4.502162678384326
4,300,100,7,0.2,100,375.67432417223614,85.83999998956428,7.00182333785948,0.2025560699921776,4.501494332239664
4,300,100,7.2,0.1,100,380.4987073016922,78.82871458165357,7.200547082749218,0.09277760338216554,4.501945490547712
4,300,100,7.2,0.2,100,386.53702585053685,71.78738918612926,7.199975102399214,0.19423527954551978,4.5007491545528815
4,300,100,7.4,0.1,100,389.6305552006045,61.82161376975544,7.399643255533183,0.07805239193925824,4.5000866175882965
4,300,100,7.4,0.2,100,397.5574126804409,60.913397584234104,7.398268263496217,0.18212567014875058,4.500973506600544
4,300,100,7.6,0.1,100,404.9131830967908,51.58664447459465,7.597519509115421,0.07337480735062588,4.499724107923483
4,300,100,7.6,0.2,100,402.3401677817143,50.92444362136841,7.600304004821926,0.17381649383559775,4.497479792456557
4,300,200,7,0.1,100,412.6816958335154,173.82698417015072,7.000083913455555,0.10852422891195966,4.503610121731604
4,300,200,7,0.2,100,417.1585927434862,172.1381079088898,7.0022768353233396,0.19874584410406915,4.50093743243167
4,300,200,7.2,0.1,100,424.0599334185325,171.87764579282035,7.196833033898657,0.09652688541599973,4.501714012486766
4,300,200,7.2,0.2,100,432.09979746306476,164.92331304473691,7.195586440262422,0.196866868094943,4.499659126352739
4,300,200,7.4,0.1,100,439.67917852020764,160.77084234816462,7.393142113985018,0.09090016462168544,4.499803485184364
4,300,200,7.4,0.2,100,437.81518290737245,155.17380527175803,7.400007539202693,0.19024826001327846,4.499806995564461
4,300,200,7.6,0.1,100,454.53273128422427,146.90771638631946,7.5931904717564205,0.08079342499719835,4.499650682800622
4,300,200,7.6,0.2,100,463.0617188087516,144.91315555462418,7.592673815519101,0.18690022920356414,4.4997992765899895
4,400,50,7,0.1,100,451.1183865056759,43.34737591631214,7.001273105441352,0.1057017807539578,4.498437704722297
4,400,50,7,0.2,100,453.2471782084826,37.5775963169152,7.003882761716699,0.20315532837143455,4.499075432658123
4,400,50,7.2,0.1,100,455.5714467350049,44.60978647529546,7.201963197488713,0.10462625031848352,4.49973821589894
4,400,50,7.2,0.2,100,454.68921416375275,36.629228880530604,7.207408186666955,0.1964186025436686,4.498258148396622
4,400,50,7.4,0.1,100,462.5079602169105,40.317867243397394,7.403303558730727,0.08728006193940485,4.497436275568987
4,400,50,7.4,0.2,100,466.100840759136,36.901001535178096,7.401111623433733,0.19631306593395206,4.50077597920885
4,400,50,7.6,0.1,100,461.9942442503235,49.982430488211506,7.609118419915058,0.07536224016549792,4.500821240753451
4,400,50,7.6,0.2,100,467.40667425051436,46.24586315779983,7.606796109698402,0.17532724219145404,4.4998078636739844
4,400,100,7,0.1,100,470.4364305185658,94.71675331000995,7.002531651435917,0.10911708932259603,4.498434949591698
4,400,100,7,0.2,100,474.8963297100773,88.81015802114044,7.0032634494216435,0.20366778579108347,4.502901857325635
4,400,100,7.2,0.1,100,479.5152444323914,87.13802695128946,7.201302205545807,0.1112268919928655,4.500341185376119
4,400,100,7.2,0.2,100,483.95184452767074,78.33567485753687,7.199852403483372,0.20873992429189536,4.500840237964717
4,400,100,7.4,0.1,100,486.76946783035015,72.17401038202128,7.402443587064834,0.09025260017639236,4.499683286528006
4,400,100,7.4,0.2,100,488.8168278732552,77.88050494925459,7.404478309988547,0.19885759632542227,4.501319210041944
4,400,100,7.6,0.1,100,491.9839886076735,69.09740314680484,7.604272426159655,0.08061291289851208,4.498924802392133
4,400,100,7.6,0.2,100,503.0387733766132,56.83754961462139,7.602198101371943,0.18358243791124326,4.499207143328986
4,400,200,7,0.1,100,512.8344900442079,172.7567944034803,7.002943138195936,0.10778073660871462,4.498108179252322
4,400,200,7,0.2,100,514.3671508504488,168.84445427804758,7.004956810256291,0.20085690780461882,4.505650017593174
4,400,200,7.2,0.1,100,517.99378040793,172.4616410845669,7.2022704454150785,0.10780897985403534,4.499885185599774
4,400,200,7.2,0.2,100,521.3800694971593,169.62422656641093,7.2070953104839,0.20232989874756077,4.502824455990714
4,400,200,7.4,0.1,100,534.9266439194147,163.62229667774707,7.396635753430826,0.10142885971888733,4.500640229562296
4,400,200,7.4,0.2,100,539.5368073244817,158.1186622784772,7.398709521272652,0.20037483751489144,4.49962668718236
4,400,200,7.6,0.1,100,544.6491928077752,148.5226704268697,7.598431830621754,0.09252456552405051,4.4998849804053656
4,400,200,7.6,0.2,100,548.5726316845764,145.63599078902988,7.601743703673351,0.19018746968879296,4.500991346247225
4,500,50,7,0.1,100,546.4318868987908,39.82798456944216,7.005574780924566,0.10760282106594142,4.501412423718125
4,500,50,7,0.2,100,549.5049060620411,35.73719487998096,7.009128218294506,0.2014170090693378,4.5003719348835185
4,500,50,7.2,0.1,100,557.0852861998894,43.50481596428517,7.20244570769145,0.10152874950713735,4.500548410643519
4,500,50,7.2,0.2,100,557.779178013203,37.978576585293894,7.203287256458366,0.20219789213996694,4.50113056234477
4,500,50,7.4,0.1,100,562.3604545791607,46.188208072223475,7.402709607395468,0.09659934959043714,4.500661258471407
4,500,50,7.4,0.2,100,562.6255367766112,37.40527435978167,7.404407340720151,0.1970529841078237,4.5004027368628705
4,500,50,7.6,0.1,100,569.3136093856873,46.423705754908624,7.604481346602866,0.08601461118046401,4.496979064709618
4,500,50,7.6,0.2,100,575.7441850440063,37.16053364672649,7.600102680058046,0.19418283888861743,4.49859651244536
4,500,100,7,0.1,100,567.6753881862795,91.44385029302784,7.00801297560969,0.1117968349225151,4.501292469348529
4,500,100,7,0.2,100,572.5768391277211,86.07712441837165,7.0087849050715425,0.20147930908664433,4.5061036148291125
4,500,100,7.2,0.1,100,578.095762350974,86.30743222662349,7.2018328952278665,0.1074905002963622,4.500599612254564
4,500,100,7.2,0.2,100,581.3392811132967,85.56470875209283,7.203337284277792,0.202221821670217,4.497118629467988
4,500,100,7.4,0.1,100,587.9763345231853,74.47577599018089,7.399895454255674,0.10913612782374825,4.496811632576682
4,500,100,7.4,0.2,100,589.7417315883084,70.09664177954188,7.406004825858073,0.20755754338845836,4.497662425131603
4,500,100,7.6,0.1,100,590.3351464701922,65.52170645757371,7.6043730689204265,0.09032686066921815,4.501030310500498
4,500,100,7.6,0.2,100,598.4397027269471,60.619010845174486,7.604714109170812,0.19693024014107308,4.500983694682903
4,500,200,7,0.1,100,609.3226262700008,175.53561535648507,7.008896294720558,0.11291434253019958,4.492929425244661
4,500,200,7,0.2,100,609.160472298185,172.24804002847435,7.012610105967474,0.1997201122595319,4.545007208853418
4,500,200,7.2,0.1,100,617.8286088277107,174.17691382921416,7.203066498337157,0.10489344196862103,4.500407093184269
4,500,200,7.2,0.2,100,621.1796822983355,169.75775623744443,7.206211232694882,0.1984698905262466,4.50188569875884
4,500,200,7.4,0.1,100,629.0932555894208,172.03218037906842,7.4006674434767605,0.10787361293595552,4.4998652116333
4,500,200,7.4,0.2,100,631.4810324698938,167.6240474638085,7.405480485469807,0.20042173865689542,4.502728799930249
4,500,200,7.6,0.1,100,639.5326796029743,156.371734183014,7.601580398241482,0.10201903553317669,4.499637996044561
4,500,200,7.6,0.2,100,648.1585957897487,148.44189272721826,7.601490339804976,0.20104139649765373,4.501417836882789
5,100,50,7,0.1,100,110.04851154029139,27.166452850229824,6.965660800287163,0.09683842232327855,4.4986549005363
5,100,50,7,0.2,100,113.65242741247866,23.856915005304728,6.949351152554264,0.20022763281569875,4.500467127516663
5,100,50,7.2,0.1,100,108.94343533635401,29.19132502888342,7.165801687231787,0.08865382674039986,4.498555563424626
5,100,50,7.2,0.2,100,110.20348610452504,27.909325397942094,7.1503455619306315,0.1953134246159966,4.498803936865428
5,100,50,7.4,0.1,100,103.96470317702982,32.11866683214027,7.369487024396848,0.08590880872700499,4.499440157652958
5,100,50,7.4,0.2,100,103.45163143854785,31.41043217776668,7.353932788190026,0.19440411277030004,4.499752090145017
5,100,50,7.6,0.1,100,104.2047351087593,39.02700185223442,7.567930042945422,0.08662675852196536,4.498148040237029
5,100,50,7.6,0.2,100,109.1977421939085,35.53656708636129,7.550476693276326,0.1971974322640588,4.501561363770894
5,100,100,7,0.1,100,121.02189674572627,74.6564547107642,6.964553040511806,0.09564848904740013,4.501758787617815
5,100,100,7,0.2,100,124.18178411171058,73.4025536874336,6.948955062552414,0.20493639379095452,4.500908142862708
5,100,100,7.2,0.1,100,119.543277622562,49.67553475227337,7.166273625731284,0.08992402920184477,4.500585582829863
5,100,100,7.2,0.2,100,122.36825130084306,52.96813705499879,7.150754963051838,0.2011619323945753,4.50019037168531
5,100,100,7.4,0.1,100,119.04804429018438,46.742347188227136,7.367232568140137,0.0906480421324032,4.500325347878174
5,100,100,7.4,0.2,100,118.42317261538713,43.970528559604816,7.355317045746086,0.19632171003369284,4.501967378967417
5,100,100,7.6,0.1,100,115.51704258521852,50.76071893101408,7.568418446567905,0.08974912138519003,4.500038630747509
5,100,100,7.6,0.2,100,116.0334972938077,48.178987679367594,7.552735966490768,0.19595795417567888,4.498712014851109
5,100,200,7,0.1,100,136.92370988193025,191.23459944202926,6.968167967209107,0.09413774668895251,4.500487111502049
5,100,200,7,0.2,100,135.93963598235922,190.91773747600135,6.954327220773289,0.20052884369149496,4.502201084969314
5,100,200,7.2,0.1,100,131.4330447702872,177.08480522646275,7.170713499310115,0.08594917611854216,4.500591203116384
5,100,200,7.2,0.2,100,136.71049848663841,180.32342923441385,7.153371176853635,0.20272306769276582,4.50165281146135
5,100,200,7.4,0.1,100,139.16647547389678,165.26926934686477,7.366446087193193,0.08914649347628606,4.500384863794433
5,100,200,7.4,0.2,100,135.88153793797073,167.26394958965975,7.3556961814485975,0.20030864317228605,4.50010721145013
5,100,200,7.6,0.1,100,136.61274922677364,159.5521743523961,7.567917284314946,0.09121406217443143,4.50033091871489
5,100,200,7.6,0.2,100,141.579679243743,155.8740678815201,7.552306736002793,0.200551280895742,4.5005306394507585
5,200,50,7,0.1,100,213.0952502750327,25.91437479045453,6.961120742974025,0.09144416228385335,4.500632146500992
5,200,50,7,0.2,100,212.51903604696295,28.097177369253224,6.950314112211855,0.19512115031574884,4.498930525342741
5,200,50,7.2,0.1,100,213.49461590922607,27.64976353841191,7.162241409597803,0.08455747912542985,4.498966544781352
5,200,50,7.2,0.2,100,214.11296354863015,25.12777627751957,7.146790773745474,0.19974719568387994,4.503814490465314
5,200,50,7.4,0.1,100,214.14936611190583,31.521929994950565,7.3614996671677675,0.0911154940898853,4.500905850846958
5,200,50,7.4,0.2,100,214.35686337684731,33.690333988943685,7.348413025396321,0.19284595191830167,4.500300998432997
5,200,50,7.6,0.1,100,210.55420517121968,39.66815696322933,7.565407565176946,0.0812108884850656,4.498982891312759
5,200,50,7.6,0.2,100,209.54763360256922,37.27413572321298,7.549744578187974,0.1910684585275658,4.499452486569777
5,200,100,7,0.1,100,221.78248936348962,76.13614379771514,6.964386820302274,0.09244951264223863,4.503251499082681
5,200,100,7,0.2,100,224.82369600742228,79.09751160954967,6.9470772386280455,0.19821051997834688,4.499780373079533
5,200,100,7.2,0.1,100,221.45124958409474,58.77883173905121,7.164408714482085,0.08944840847771231,4.4987875087208735
5,200,100,7.2,0.2,100,223.484754969694,61.302578774101946,7.150775740289735,0.20049653487531355,4.499019743803198
5,200,100,7.4,0.1,100,223.43704682019657,44.10366759108559,7.362909157135017,0.09283772467954024,4.501271302046179
5,200,100,7.4,0.2,100,231.95471185381643,48.63787682139873,7.3444239462638805,0.20182448044646248,4.501064444213311
5,200,100,7.6,0.1,100,217.60571965019196,50.678121142172856,7.567404356694204,0.08345860025862317,4.49981991611452
5,200,100,7.6,0.2,100,221.92314343601763,48.78813910838462,7.551241431603947,0.19163330120158312,4.498299910404872
5,200,200,7,0.1,100,240.44549216433893,185.6365300031617,6.9632342155924976,0.09623345904547156,4.500022919490499
5,200,200,7,0.2,100,237.165071147422,186.4478481160878,6.9503393142561,0.20417051052043517,4.499211171046034
5,200,200,7.2,0.1,100,241.12988865693592,178.82304210304042,7.164827901307635,0.09775194572808116,4.501207321280189
5,200,200,7.2,0.2,100,240.453342549199,179.54695567243778,7.152611321322119,0.2021137558628867,4.501808529247629
5,200,200,7.4,0.1,100,236.93910806876755,167.12694125090985,7.366936103210328,0.0933854346652968,4.5010469635424135
5,200,200,7.4,0.2,100,240.55178647817314,169.10597339137445,7.351552676459649,0.2028000224180104,4.500664966639662
5,200,200,7.6,0.1,100,237.00858429532377,144.46962965928782,7.568276424013154,0.09217602945200487,4.4988816894960895
5,200,200,7.6,0.2,100,241.58461389660746,152.1146536752841,7.55269261228749,0.20189100353282646,4.4980000235505235
5,300,50,7,0.1,100,308.7645167766402,32.91805875147918,6.96661184053404,0.09901461684525811,4.4987034896025415
5,300,50,7,0.2,100,308.54263952322333,32.69788996462534,6.956837658249728,0.20450334746348417,4.501557724539013
5,300,50,7.2,0.1,100,310.2261579078119,31.600104431059933,7.164455450159916,0.09427379332096528,4.500561683546254
5,300,50,7.2,0.2,100,313.3947649501056,32.48470389362972,7.150804235870357,0.19631685940513183,4.498603494134288
5,300,50,7.4,0.1,100,319.6919044558005,34.05851752931526,7.357353200715571,0.09186958194924102,4.503047270017952
5,300,50,7.4,0.2,100,317.0940781487998,31.502387225693237,7.346809246476499,0.1933246357900803,4.501294148855068
5,300,50,7.6,0.1,100,313.9582360147551,43.19567313971454,7.563552522479977,0.09229244067835993,4.498912907647454
5,300,50,7.6,0.2,100,318.0963225795995,38.279673432778544,7.548212312108852,0.1961945417582741,4.498376957254105
5,300,100,7,0.1,100,319.22011708054725,90.5167430373628,6.966362799004847,0.09792584514011318,4.49872111244438
5,300,100,7,0.2,100,320.922741014846,89.29857421064405,6.954666909182157,0.20218157079031915,4.500990098351487
5,300,100,7.2,0.1,100,322.3341722803796,72.45640942375968,7.163797988905714,0.09782835784525226,4.500396999327419
5,300,100,7.2,0.2,100,324.628877861677,71.84880356252664,7.15060276237384,0.19933810462615328,4.498689369584607
5,300,100,7.4,0.1,100,322.48351495147307,51.39150138691767,7.3648175529281055,0.09162218445688605,4.497434479026124
5,300,100,7.4,0.2,100,326.9447219218489,51.02764439504516,7.3484949857487365,0.19655344407452496,4.497773662875678
5,300,100,7.6,0.1,100,331.0546038031112,52.108166854117464,7.559413169163348,0.09230517877678697,4.499500549670883
5,300,100,7.6,0.2,100,335.6487795189155,53.72091958190657,7.544247771549486,0.19768517906341798,4.5013386357058804
5,300,200,7,0.1,100,336.06232602794597,191.15676263756092,6.966498058660065,0.08952376608263019,4.497577866005132
5,300,200,7,0.2,100,340.9387161704493,188.08798398455045,6.948835020818243,0.20177518847722825,4.492764503387023
5,300,200,7.2,0.1,100,339.5138230698339,178.57331925794438,7.164126772910456,0.09150994513615088,4.502312058680661
5,300,200,7.2,0.2,100,343.54222317980407,176.77456102303805,7.147519276786659,0.19667045985030637,4.500907812228697
5,300,200,7.4,0.1,100,342.5946582352567,168.00214888126035,7.362185184398003,0.09448095218633451,4.502741965812455
5,300,200,7.4,0.2,100,344.5906512558182,168.984068284486,7.3493195487782295,0.19442705330554863,4.501787054379681
5,300,200,7.6,0.1,100,342.53982237758424,135.73522244966455,7.564162666749691,0.08735277179513139,4.499418391055719
5,300,200,7.6,0.2,100,346.8069622987543,145.31825487328135,7.54912785115267,0.1979976992530372,4.498980012059763
5,400,50,7,0.1,100,408.47919044712796,43.6854672852526,6.968896517943056,0.09276870337076962,4.499162442822273
5,400,50,7,0.2,100,410.2022262277188,35.20422895224957,6.95397765282659,0.19363383374811363,4.500420470090436
5,400,50,7.2,0.1,100,406.473833978668,33.50582047998571,7.169920159251058,0.09384103022162493,4.498218246123337
5,400,50,7.2,0.2,100,407.8585976839996,33.40282213951388,7.155034031278118,0.19709940064950685,4.501902162739577
5,400,50,7.4,0.1,100,407.24451924163543,35.57029861927923,7.368272023184258,0.0916273916548024,4.499366373271804
5,400,50,7.4,0.2,100,410.1873784794127,33.81250011989788,7.353036677753415,0.2010576071574976,4.499932629185365
5,400,50,7.6,0.1,100,417.6854064882122,40.39798158782835,7.560457149421051,0.08769079301953536,4.500683789366137
5,400,50,7.6,0.2,100,415.7135277685725,42.43027002443818,7.548072763026057,0.18947013775611762,4.4994393852561565
5,400,100,7,0.1,100,417.8701087939921,96.63425679490797,6.969318238682549,0.08003378325809582,4.4997112036490226
5,400,100,7,0.2,100,419.0465164496205,93.6323672248291,6.9515965679337,0.19827321965616504,4.497316462370601
5,400,100,7.2,0.1,100,417.0902365957865,88.47246917136306,7.168413781163514,0.09318640898140736,4.499935637097712
5,400,100,7.2,0.2,100,422.05857337345526,82.86233273854215,7.151589620088788,0.19712976009716862,4.501388932070783
5,400,100,7.4,0.1,100,422.90936009721116,66.17102040001997,7.364244505478636,0.1027938339221704,4.499811487607056
5,400,100,7.4,0.2,100,421.64139287981266,65.03801445920594,7.354133285651476,0.1971043831757104,4.499748876828195
5,400,100,7.6,0.1,100,420.76142248329273,54.28407878397913,7.566520764022739,0.09155366074826086,4.500578432449391
5,400,100,7.6,0.2,100,428.1308730326819,51.82631308832442,7.5495372795968505,0.1978192067234307,4.501325959663987
5,400,200,7,0.1,100,437.7432388143639,193.90310245858905,6.96183702490941,0.0934390918237207,4.496381373069167
5,400,200,7,0.2,100,440.5594322710228,191.70172435125974,6.9487411972797,0.2002044899735782,4.507888608804557
5,400,200,7.2,0.1,100,437.81900533559264,187.01360573936716,7.1648813520223795,0.08856244660129259,4.499099901888843
5,400,200,7.2,0.2,100,437.89149242258867,185.90879695110968,7.152375389788373,0.19407438384895423,4.50193039546155
5,400,200,7.4,0.1,100,444.18750582962053,176.02726347544467,7.362375521416811,0.09464703865649914,4.500193138784804
5,400,200,7.4,0.2,100,447.29695536058034,173.17152457475896,7.348028561457844,0.19925475077799806,4.500026023422245
5,400,200,7.6,0.1,100,447.6439829350661,149.1766336145525,7.562037399740172,0.09299317280513567,4.500175735869954
5,400,200,7.6,0.2,100,448.80229364501713,152.33109389727673,7.549280084265723,0.1986960202996489,4.500047062578064
5,500,50,7,0.1,100,508.146305985567,47.794836358921444,6.968517209326315,0.09255851816109675,4.499999112944676
5,500,50,7,0.2,100,512.7168039757777,39.87844605513023,6.950709922767836,0.19693354350637537,4.500900854615639
5,500,50,7.2,0.1,100,507.21162295272364,43.92565893724844,7.169709423303585,0.09463300819509746,4.500746999573606
5,500,50,7.2,0.2,100,508.55840480810593,37.64759035241053,7.153941468740697,0.19322358273914916,4.500826594755885
5,500,50,7.4,0.1,100,504.7122376514015,35.95690489511322,7.369771392873385,0.09390980197694025,4.498744359768576
5,500,50,7.4,0.2,100,505.8046853498934,36.92627528544548,7.3565363219097,0.19710460500533927,4.500531431117215
5,500,50,7.6,0.1,100,507.2424554944725,37.071513214314884,7.566464582879976,0.08965224426978308,4.498829722586479
5,500,50,7.6,0.2,100,511.78851439649884,38.211467882872796,7.5510634906896446,0.19931494773474906,4.49836124214173
5,500,100,7,0.1,100,519.3253261237725,102.70561697736575,6.964288989780872,0.0967557408324723,4.499573118367339
5,500,100,7,0.2,100,519.969564505004,97.61366049333353,6.951578227214297,0.19871355931153062,4.504255948948099
5,500,100,7.2,0.1,100,514.1278190331412,93.06724478888084,7.17292053283735,0.08788259821581744,4.498570964881257
5,500,100,7.2,0.2,100,516.5010871823488,90.90468540029761,7.1567168268110954,0.19454864643916514,4.501367477145208
5,500,100,7.4,0.1,100,517.7518509660816,77.59808764910787,7.3679908277974455,0.09403887100046572,4.501445054572325
5,500,100,7.4,0.2,100,521.2678386185607,73.33000357946011,7.353589982731537,0.19822106001945533,4.4992329071161405
5,500,100,7.6,0.1,100,522.172800417175,49.73830861178904,7.564625295738718,0.09144032955845541,4.499343378099359
5,500,100,7.6,0.2,100,521.7306473122826,56.28683719259564,7.553794713504129,0.19675917747175808,4.4983216982673175
5,500,200,7,0.1,100,536.9947867978781,196.44888314302034,6.96522728146664,0.10129648863328129,4.516901959741573
5,500,200,7,0.2,100,538.4952715991475,192.004773477036,6.94760899698485,0.20206199616463935,4.525191148014521
5,500,200,7.2,0.1,100,538.5442542686526,189.97576001522876,7.164026433015871,0.09385520042466935,4.498929825252241
5,500,200,7.2,0.2,100,540.9408106631013,186.26442625759663,7.148516442155734,0.19890634820513806,4.5016829221952115
5,500,200,7.4,0.1,100,536.3127574481653,183.00304577242,7.368632540395433,0.09380373412073563,4.500422342357264
5,500,200,7.4,0.2,100,538.7608969117127,180.4508271560501,7.3534926542035794,0.1931871896009073,4.50271528600103
5,500,200,7.6,0.1,100,546.0747141648518,164.66437291919243,7.56111126012615,0.0991119405690857,4.5006344826818285
5,500,200,7.6,0.2,100,548.0439621101889,166.3474240839771,7.5480759371164,0.19845915153956845,4.499909237105342
